,hashed_id,country,continent,filename
0,209babdafc,United States of America,North America,209babdafc.jpg
1,bc39befd80,United States of America,North America,bc39befd80.jpg
2,2f7a671e66,United States of America,North America,2f7a671e66.jpg
3,3780a13264,United States of America,North America,3780a13264.jpg
4,f7c234cc00,United States of America,North America,f7c234cc00.jpg
5,2073a92f7e,United States of America,North America,2073a92f7e.jpg
6,9365f16d59,United States of America,North America,9365f16d59.jpg
7,31224dcc43,United States of America,North America,31224dcc43.jpg
8,28a07aa909,United States of America,North America,28a07aa909.jpg
9,3c3744f29f,United States of America,North America,3c3744f29f.jpg
10,3453b9fec5,United States of America,North America,3453b9fec5.jpg
11,f7ca3ab0ae,United States of America,North America,f7ca3ab0ae.jpg
12,e10d21a9cd,United States of America,North America,e10d21a9cd.jpg
13,82c33141da,United States of America,North America,82c33141da.jpg
14,279cbf27e1,United States of America,North America,279cbf27e1.jpg
15,f9f7291533,United States of America,North America,f9f7291533.jpg
16,0a4a6bedd7,United States of America,North America,0a4a6bedd7.jpg
17,712a9e26d4,United States of America,North America,712a9e26d4.jpg
18,9e4b120e81,United States of America,North America,9e4b120e81.jpg
19,da1086fcb9,United States of America,North America,da1086fcb9.jpg
20,d2a66142bd,United States of America,North America,d2a66142bd.jpg
21,827c8e6a28,United States of America,North America,827c8e6a28.jpg
22,1c341854a7,United States of America,North America,1c341854a7.jpg
23,f015bbc62f,United States of America,North America,f015bbc62f.jpg
24,7770f83030,United States of America,North America,7770f83030.jpg
25,c32c5158d1,United States of America,North America,c32c5158d1.jpg
26,1cc24e1e3b,United States of America,North America,1cc24e1e3b.jpg
27,3cbbe5d45e,United States of America,North America,3cbbe5d45e.jpg
28,270526ab48,United States of America,North America,270526ab48.jpg
29,c8d7fbe01e,United States of America,North America,c8d7fbe01e.jpg
30,a8057aed08,United States of America,North America,a8057aed08.jpg
31,516555e2e1,United States of America,North America,516555e2e1.jpg
32,067557e577,United States of America,North America,067557e577.jpg
33,6f48d732c1,United States of America,North America,6f48d732c1.jpg
34,e488c28a6c,United States of America,North America,e488c28a6c.jpg
35,724f689d55,United States of America,North America,724f689d55.jpg
36,453478e005,United States of America,North America,453478e005.jpg
37,5a41876fce,United States of America,North America,5a41876fce.jpg
38,c1906634eb,United States of America,North America,c1906634eb.jpg
39,df8a7a1a62,United States of America,North America,df8a7a1a62.jpg
40,9292ab4326,United States of America,North America,9292ab4326.jpg
41,2c7f4dd746,United States of America,North America,2c7f4dd746.jpg
42,350241b8ff,United States of America,North America,350241b8ff.jpg
43,e49139bb9e,United States of America,North America,e49139bb9e.jpg
44,362245eeed,United States of America,North America,362245eeed.jpg
45,42098e580f,United States of America,North America,42098e580f.jpg
46,1f94bb10e0,United States of America,North America,1f94bb10e0.jpg
47,c60770743e,United States of America,North America,c60770743e.jpg
48,77ecb3e733,United States of America,North America,77ecb3e733.jpg
49,2cb861a4ba,United States of America,North America,2cb861a4ba.jpg
50,1d8004861f,United States of America,North America,1d8004861f.jpg
51,dc2b81b710,United States of America,North America,dc2b81b710.jpg
52,18959f856e,United States of America,North America,18959f856e.jpg
53,a2b58d27dc,United States of America,North America,a2b58d27dc.jpg
54,c30c9782c6,United States of America,North America,c30c9782c6.jpg
55,a37f15993b,United States of America,North America,a37f15993b.jpg
56,586ba03c24,United States of America,North America,586ba03c24.jpg
57,aad957fb6b,United States of America,North America,aad957fb6b.jpg
58,de02063a06,United States of America,South America,de02063a06.jpg
59,1f1df3baab,United States of America,North America,1f1df3baab.jpg
60,b6f86bd3ca,United States of America,North America,b6f86bd3ca.jpg
61,363425fdd8,United States of America,North America,363425fdd8.jpg
62,40cdec6c1c,United States of America,North America,40cdec6c1c.jpg
63,b074fdbaf9,United States of America,North America,b074fdbaf9.jpg
64,36f7ab04aa,United States of America,North America,36f7ab04aa.jpg
65,f19433a146,United States of America,North America,f19433a146.jpg
66,6f8a39e818,United States of America,North America,6f8a39e818.jpg
67,26c0ba77fb,United States of America,North America,26c0ba77fb.jpg
68,62e944c218,United States of America,North America,62e944c218.jpg
69,e3b450ef8f,United States of America,North America,e3b450ef8f.jpg
70,6f77aa412b,Mexico,South America,6f77aa412b.jpg
71,4c45d238b7,United States of America,North America,4c45d238b7.jpg
72,c55849e0dd,United States of America,North America,c55849e0dd.jpg
73,ef776b1488,United States of America,North America,ef776b1488.jpg
74,1a89a90b30,United States of America,North America,1a89a90b30.jpg
75,db9eac76a6,United States of America,North America,db9eac76a6.jpg
76,17b1c9597a,Ecuador,South America,17b1c9597a.jpg
77,cbd535e57b,United States of America,North America,cbd535e57b.jpg
78,b7cf1ab997,United States of America,North America,b7cf1ab997.jpg
79,f308226348,United States of America,North America,f308226348.jpg
80,ec779aca9a,United States of America,North America,ec779aca9a.jpg
81,3d62aa17c8,United States of America,North America,3d62aa17c8.jpg
82,53de6cf17f,United States of America,North America,53de6cf17f.jpg
83,538c3bae3c,United States of America,North America,538c3bae3c.jpg
84,b7d0190ed3,United States of America,North America,b7d0190ed3.jpg
85,d2fb01f8a0,United States of America,North America,d2fb01f8a0.jpg
86,3da0f22c15,United States of America,North America,3da0f22c15.jpg
87,c0b5eb394b,United States of America,North America,c0b5eb394b.jpg
88,511ffa7393,United States of America,North America,511ffa7393.jpg
89,68a5090fef,United States of America,North America,68a5090fef.jpg
90,48dff79690,United States of America,North America,48dff79690.jpg
91,94b109ed47,United States of America,North America,94b109ed47.jpg
92,b444d20a9f,United States of America,North America,b444d20a9f.jpg
93,b33d92f193,United States of America,North America,b33d92f193.jpg
94,7ec347a04e,United States of America,North America,7ec347a04e.jpg
95,dee5e75240,United States of America,North America,dee5e75240.jpg
96,2a026907a4,United States of America,North America,2a026907a4.jpg
97,78f8315b88,United States of America,North America,78f8315b88.jpg
98,27e01c8c55,United States of America,North America,27e01c8c55.jpg
99,1cb09d43fb,United States of America,North America,1cb09d43fb.jpg
100,b5fa9b4d26,United States of America,North America,b5fa9b4d26.jpg
101,434dbe6580,United States of America,North America,434dbe6580.jpg
102,3e5cee391b,United States of America,North America,3e5cee391b.jpg
103,3bd89523d6,United States of America,North America,3bd89523d6.jpg
104,9e5e967eae,United States of America,North America,9e5e967eae.jpg
105,987f1d271e,United States of America,North America,987f1d271e.jpg
106,c1e49fd052,United States of America,North America,c1e49fd052.jpg
107,41c4f273e1,United States of America,North America,41c4f273e1.jpg
108,1902b16186,United States of America,North America,1902b16186.jpg
109,1eca71d96b,United States of America,North America,1eca71d96b.jpg
110,6a774f1bcf,United States of America,North America,6a774f1bcf.jpg
111,1cbc64bcd1,United States of America,North America,1cbc64bcd1.jpg
112,304aca4bd4,United States of America,North America,304aca4bd4.jpg
113,ee4f970685,United States of America,North America,ee4f970685.jpg
114,070d3afa1f,United States of America,North America,070d3afa1f.jpg
115,16af7a3aff,United States of America,North America,16af7a3aff.jpg
116,d22087d8ed,United States of America,North America,d22087d8ed.jpg
117,0fd49e1a4d,United States of America,North America,0fd49e1a4d.jpg
118,2beea43651,United States of America,North America,2beea43651.jpg
119,96e838f607,United States of America,North America,96e838f607.jpg
120,335a20e4c7,United States of America,North America,335a20e4c7.jpg
121,117570b7ab,United States of America,North America,117570b7ab.jpg
122,5c03cdad8a,United States of America,North America,5c03cdad8a.jpg
123,fbb98a8213,United States of America,North America,fbb98a8213.jpg
124,bb6cd81861,United States of America,North America,bb6cd81861.jpg
125,ba483bc8b5,United States of America,North America,ba483bc8b5.jpg
126,95d43792ba,United States of America,North America,95d43792ba.jpg
127,d24bf8d215,United States of America,North America,d24bf8d215.jpg
128,9ea106c742,United States of America,North America,9ea106c742.jpg
129,15df6e1a63,United States of America,North America,15df6e1a63.jpg
130,8a2bd98ce5,United States of America,North America,8a2bd98ce5.jpg
131,8ab64ed128,United States of America,North America,8ab64ed128.jpg
132,ecbe3f1575,United States of America,North America,ecbe3f1575.jpg
133,933ca99ae2,United States of America,North America,933ca99ae2.jpg
134,7f39a09ab7,United States of America,North America,7f39a09ab7.jpg
135,8dc734222a,United States of America,North America,8dc734222a.jpg
136,b567e6a5e0,United States of America,North America,b567e6a5e0.jpg
137,280cdbd54a,United States of America,North America,280cdbd54a.jpg
138,24c707a2e2,United States of America,North America,24c707a2e2.jpg
139,9f24095fa4,United States of America,North America,9f24095fa4.jpg
140,2180d933e8,United States of America,North America,2180d933e8.jpg
141,3299d14cb1,United States of America,North America,3299d14cb1.jpg
142,7fab24531b,United States of America,North America,7fab24531b.jpg
143,723f1693f1,United States of America,North America,723f1693f1.jpg
144,447867ffbc,United States of America,North America,447867ffbc.jpg
145,fc9fd55077,United States of America,North America,fc9fd55077.jpg
146,4745658ed1,United States of America,North America,4745658ed1.jpg
147,2f7b0b55dc,United States of America,North America,2f7b0b55dc.jpg
148,71e0e60334,United States of America,North America,71e0e60334.jpg
149,103c60f981,United States of America,North America,103c60f981.jpg
150,c25d8499a7,United States of America,North America,c25d8499a7.jpg
151,b7f44bac56,United States of America,North America,b7f44bac56.jpg
152,14b4b39228,United States of America,North America,14b4b39228.jpg
153,019d1e8cae,United States of America,North America,019d1e8cae.jpg
154,0b6092dd9f,United States of America,South America,0b6092dd9f.jpg
155,eade21cae0,United States of America,North America,eade21cae0.jpg
156,82e6816354,United States of America,North America,82e6816354.jpg
157,9a36e75d2a,United States of America,North America,9a36e75d2a.jpg
158,b756fb1925,United States of America,North America,b756fb1925.jpg
159,f649e578ae,United States of America,North America,f649e578ae.jpg
160,370044129e,United States of America,North America,370044129e.jpg
161,470d1c4d4d,United States of America,North America,470d1c4d4d.jpg
162,01978e1d8d,United States of America,North America,01978e1d8d.jpg
163,7bd9afba37,United States of America,North America,7bd9afba37.jpg
164,dd820bb976,United States of America,North America,dd820bb976.jpg
165,dff6120063,United States of America,North America,dff6120063.jpg
166,1c8bf64984,United States of America,North America,1c8bf64984.jpg
167,acfd1572fc,United States of America,North America,acfd1572fc.jpg
168,837b426836,United States of America,North America,837b426836.jpg
169,992c409522,United States of America,North America,992c409522.jpg
170,758482b933,United States of America,North America,758482b933.jpg
171,26f402ebec,United States of America,North America,26f402ebec.jpg
172,e1089c425c,United States of America,North America,e1089c425c.jpg
173,b90173ebd2,United States of America,North America,b90173ebd2.jpg
174,d6634a80ab,United States of America,North America,d6634a80ab.jpg
175,07af1996c7,United States of America,North America,07af1996c7.jpg
176,c4fc38da5f,United States of America,North America,c4fc38da5f.jpg
177,d580f424ce,United States of America,North America,d580f424ce.jpg
178,8e17eafc7c,United States of America,North America,8e17eafc7c.jpg
179,904509a142,United States of America,North America,904509a142.jpg
180,341d753507,United States of America,North America,341d753507.jpg
181,6cadcf16ac,United States of America,North America,6cadcf16ac.jpg
182,15e362a694,United States of America,North America,15e362a694.jpg
183,211cf1b7df,United States of America,North America,211cf1b7df.jpg
184,55e860111f,United States of America,North America,55e860111f.jpg
185,a68f672db4,United States of America,North America,a68f672db4.jpg
186,5470ecf292,United States of America,North America,5470ecf292.jpg
187,bd41d4d3af,United States of America,North America,bd41d4d3af.jpg
188,2ab6f1f86f,United States of America,North America,2ab6f1f86f.jpg
189,d30c9f240c,United States of America,North America,d30c9f240c.jpg
190,24bf22c1bb,United States of America,North America,24bf22c1bb.jpg
191,98c8586a03,United States of America,North America,98c8586a03.jpg
192,fce0ab02dd,United States of America,North America,fce0ab02dd.jpg
193,919d7ae003,United States of America,North America,919d7ae003.jpg
194,396b56b9e5,United States of America,North America,396b56b9e5.jpg
195,f411bfe060,United States of America,North America,f411bfe060.jpg
196,04a3809dda,United States of America,North America,04a3809dda.jpg
197,05bc902a3b,United States of America,North America,05bc902a3b.jpg
198,b49f12fb82,United States of America,North America,b49f12fb82.jpg
199,9a3c2d5768,United States of America,North America,9a3c2d5768.jpg
